{
    "products":[
        {
            "id":0,
            "img":"https://zeroworldblack.com/storage/theme/2022_11/15/xuvUjJNJlj4afPga71JDBfghMnayYymet2q3zl22.jpg",
            "title":"ZERO",
            "store":"제로월드 강남점",            
            "genre":["공포" , "전체"],
            "info":"제로월드 신테마로 당신을 초대합니다",
            "grade":"500",
            "gradeCount":"124",
            "time":"120분",
            "area":"서울",
            "subArea":["강남", "전체"],
            "difficulty":"4",
            "like":"false"
        },
        {
            "id":1,
            "img":"https://www.zerogangnam.com/storage/AVISPw8N2JfMThKvnk3VJzeY9qywIaYd8pTy46Xx.jpg",
            "title":"포레스트",
            "store":"제로월드 강남점",            
            "genre":["공포" , "전체"],
            "info": "Show dawn' 초대장이 도착했습니다.\n<총 상금 50억의 호러퀴즈쇼 'Show dawn'>\n당신은 이겨낼 수 있습니까?",
            "grade":"800",
            "gradeCount":"421",
            "time":"75분",
            "area":"서울",
            "subArea":["강남", "전체"],
            "difficulty":"3"
        },
        {
            "id":2,
            "img":"https://www.zerogangnam.com/storage/h77RkOOKRX3XTVttuI7KPApcV2sSlFORaTTFlm60.jpg",
            "title":"DONE",
            "store":"제로월드 강남점",            
            "genre":["잠입" , "전체"],
            "info": "'우리는 런던 뒷골목을 누비는Alex 형제들.\n우연히 찰리 전파사에 굉장히 큰 돈이 숨겨져 있다는 소문을 들었다.\n 오늘은 전파사의 휴무일. 털자!'",
            "grade":"500",
            "gradeCount":"126",
            "time":"75분",
            "area":"서울",
            "subArea":["강남", "전체"],
            "difficulty":"3"
        },
        {
            "id":3,
            "img":"https://www.zerogangnam.com/storage/aM6F3lOsKUwHA5NCkusfmH2ilNupcgskh34SiNuf.jpg",
            "title":"RING",
            "store":"제로월드 강남점",            
            "genre":["공포" , "전체"],
            "info": "내 조카 유키는 자살할 아이가 아닌데...",
            "grade":"500",
            "gradeCount":"122",
            "time":"75분",
            "area":"서울",
            "subArea":["강남", "전체"],
            "difficulty":"3"
        },
        {
            "id":4,
            "img":"https://www.zerogangnam.com/storage/jsU0eVFchFzKRGTR7k63ia6eVUFviJ2mdFmEt932.jpg",
            "title":"콜러",
            "store":"제로월드 강남점",            
            "genre":["공포" , "전체"],
            "info": "나는 기억을 잃었다.",
            "grade":"500",
            "gradeCount":"128",
            "time":"75분",
            "area":"서울",
            "subArea":["강남", "전체"],
            "difficulty":"3"
        },
        {
            "id":5,
            "img":"https://www.zerogangnam.com/storage/vvKmmbiIvO6wfAOF7NgkSLbf8Rmzn9LqYgiHkqMH.jpg",
            "title":"헐!",
            "store":"제로월드 강남점",            
            "genre":["코믹" , "전체"],
            "info": "뭐지? 끼이이익----!\n처음 듣는 날카로운 소리와 함께\n내 몸은 하늘로 붕 뜬다...",
            "grade":"500",
            "gradeCount":"131",
            "time":"75분",
            "area":"서울",
            "subArea":["강남", "전체"],
            "difficulty":"2"
        },
        {
            "id":6,
            "img":"https://point-nine.com/file/theme/6_a.jpg",
            "title":"열쇠공의 이중생활",
            "store":"포인트나인 신촌",            
            "genre":["판타지" , "전체" ],
            "info": "",
            "time":"75분",
            "grade":"500",
            "gradeCount":"116",
            "area":"서울",
            "subArea":["신촌", "전체"],
            "difficulty":"4"
        },
        {
            "id":7,
            "img":"https://point-nine.com/file/theme/8_a.jpg",
            "title":"시간이 멈춘 마을",
            "store":"포인트나인 신촌",            
            "genre":["판타지" , "전체" ],
            "info": "",
            "time":"75분",
            "grade":"500",
            "gradeCount":"117",
            "area":"서울",
            "subArea":["신촌", "전체"],
            "difficulty":"4"
        },
        {
            "id":8,
            "img":"https://point-nine.com/file/theme/28_a.jpg",
            "title":"눈 먼 귀금속상인의 후회",
            "store":"포인트나인 신촌",            
            "genre":["판타지" , "전체" ],
            "info": "",
            "time":"75분",
            "grade":"500",
            "gradeCount":"114",
            "area":"서울",
            "subArea":["신촌", "전체"],
            "difficulty":"4"
        },
        {
            "id":9,
            "img":"https://point-nine.com/file/theme/14_a.jpg",
            "title":"주인없는 낡은 서점",
            "store":"포인트나인 신촌",            
            "genre":["판타지" , "전체" ],
            "info": "",
            "time":"75분",
            "grade":"500",
            "gradeCount":"119",
            "area":"서울",
            "subArea":["신촌", "전체"],
            "difficulty":"4"
        },
        {
            "id":10,
            "img":"https://xdungeon.net/file/theme/17/17_9845052463.png",
            "title":"이미지세탁소",
            "store":"비트포비아 홍대던전3",            
            "genre":["판타지" , "전체"],
            "info": "어떤 이미지든 깨끗하게 지워드립니다!\n *예약 방문 필수*",
            "grade":"500",
            "gradeCount":"124",
            "time":"75분",
            "area":"서울",
            "subArea":["홍대", "전체"],
            "difficulty":"3"
        },
        {
            "id":11,
            "img":"https://xdungeon.net/file/theme/5/5_8093401843.png",
            "title":"그달동네",
            "store":"비트포비아 홍대던전3",            
            "genre":["공포" , "전체"],
            "info": "마을이 붉게 물든 날\n'그 남자가... 사람을 죽였어.\n 내가 똑똑히 봤다고.\n 그 남자도...그날 나를 본 게 틀림없어...\n 너무 무서워...'",
            "grade":"500",
            "gradeCount":"123",
            "time":"75분",
            "area":"서울",
            "subArea":["홍대", "전체"],
            "difficulty":"3"
        },
        {
            "id":12,
            "img":"https://xdungeon.net/file/theme/19/19_8537382733.png",
            "title":"경성:연쇄실종사건",
            "store":"비트포비아 홍대던전3",            
            "genre":["잠입" , "전체"],
            "info": "시스템을 이용해 시공간을 넘나드는 수사가 가능해진 사회.\n 의문의 연쇄실종사건에 대한 진상을 파헤치기 위해\n 우리는 포탈을 열고 1930년의 경성으로 향한다.",
            "grade":"500",
            "gradeCount":"118",
            "time":"75분",
            "area":"서울",
            "subArea":["홍대", "전체"],
            "difficulty":"4"
        },
        {
            "id":13,
            "img":"https://xdungeon.net/file/theme/18/18_5563125084.png",
            "title":"And I met E            ",
            "store":"비트포비아 홍대던전3",            
            "genre":["모험" , "전체"],
            "info": "배송 완료!' SHINY POST가 편지 배송을 완료했다는 소리예요.\n지금부터 당신이 해야 할 일이기도 하죠.\n자 그럼 이제 시작해볼까요?",
            "grade":"500",
            "gradeCount":"132",
            "time":"75분",
            "area":"서울",
            "subArea":["홍대", "전체"],
            "difficulty":"3"
        },
        {
            "id":14,
            "img":"https://xdungeon.net/file/theme/8/8_4513477837.png",
            "title":"검은 운명의 밤",
            "store":"비트포비아 홍대던전3",            
            "genre":["판타지" , "전체"],
            "info": "어둠을 잠식하는 붉은 달과\n 긴 잠에서 깨어나는 푸른 눈.\n오늘, 운명의 수레바퀴가 돌아간다.",
            "grade":"500",
            "gradeCount":"139",
            "time":"75분",
            "area":"서울",
            "subArea":["홍대", "전체"],
            "difficulty":"3"
        },
        {
            "id":15,
            "img":"http://www.secretgardenescape.com/pimages/Product/Pr_1613457747.jpg",
            "title":"H.E.L.L.P",
            "store":"비트포비아 홍대던전3",            
            "genre":["판타지" , "전체"],
            "info": "애달픈 장미 향기가 당신에게 닿기를 빕니다",
            "grade":"500",
            "gradeCount":"131",
            "time":"100분",
            "area":"서울",
            "subArea":["홍대", "전체"],
            "difficulty":"3"
        },
        {
            "id":16,
            "img":"http://www.secretgardenescape.com/pimages/Product/Pr_1614914139.png",
            "title":"달:기억의조각",
            "store":"비밀의화원 시네마틱 건대",           
            "genre":["감성" , "전체"],
            "info": "달님의 기억을 빌려주세요",
            "grade":"500",
            "gradeCount":"127",
            "time":"75분",
            "area":"서울",
            "subArea":["건대", "전체"],
            "difficulty":"3"
        },
        {
            "id":17,
            "img":"http://www.secretgardenescape.com/pimages/Product/Pr_1628228985.jpg",
            "title":"딜레마",
            "store":"비밀의화원 시네마틱 건대",          
            "genre":["미스터리" , "전체"],
            "info": "홍콩 침사추이의 작은 캡슐호텔.\n3일간 머물렀던 한국인 투숙객 이은호가\n 체크아웃 후 실종되었다.",
            "grade":"500",
            "gradeCount":"138",
            "time":"75분",
            "area":"서울",
            "subArea":["건대", "전체"],
            "difficulty":"3"
        },
        {
            "id":18,
            "img":"https://search.pstatic.net/common/?src=http%3A%2F%2Fblogfiles.naver.net%2FMjAyMTA5MjVfOTcg%2FMDAxNjMyNTU0MDc5NzE2.qocZ4lCgwLTR4mbmVLyjH4h3rg2lLmGcI1tit7hyEwEg.8taS_utPRWwwUIezS-VVuok-GJr3vgELZy6HCuuLfl8g.JPEG.kiyultjs1106%2Ftheme__%25C0%25CC%25B9%25CC%25C1%25F6_%25C0%25CC%25BB%25F3%25C7%25D1_%25B3%25AA%25B6%25F3%25B7%25CE_%25C3%25E2%25B5%25CE%25BF%25E4.jpg&type=sc960_832",
            "title":"이상한 나라로 출두요",
            "store":"플레이더 월드 강남",          
            "genre":["야외" , "전체"],
            "info": "홍콩 침사추이의 작은 캡슐호텔.\n3일간 머물렀던 한국인 투숙객 이은호가\n 체크아웃 후 실종되었다.",
            "grade":"500",
            "gradeCount":"131",
            "time":"100분",
            "area":"서울",
            "subArea":["강남", "전체"],
            "difficulty":"3"
        },
        {
            "id":19,
            "img":"https://search.pstatic.net/common/?src=http%3A%2F%2Fblogfiles.naver.net%2FMjAyMzAxMDhfMjQ1%2FMDAxNjczMTczMTIzNjAw.BfKaJz3pRVmGCrJ2c0sNRQMNtwaTIcATzs31EewM064g.1okx7lzsDnWOOPZRvtgQ59twFPqlyvfCvNMrwcHwgGYg.PNG.sbs0585%2Fimage.png&type=sc960_832",
            "title":"이웃집또도와",
            "store":"플레이더 월드 강남",          
            "genre":["보물찾기" , "기타" , "전체"],
            "info": "우리는 심부름센터 이웃집 또도와!\n 우리는 오늘도 마을과 심부름센터의 발전을 위해\n 딱 100만원 어치만 돕고, 돕고, 또 돕는다!",
            "grade":"500",
            "gradeCount":"124",
            "time":"100분",
            "area":"서울",
            "subArea":["강남", "전체"],
            "difficulty":"3"
        },
        {
            "id":20,
            "img":"https://search.pstatic.net/common/?src=http%3A%2F%2Fblogfiles.naver.net%2FMjAyMDAxMjBfMjcy%2FMDAxNTc5NDgxMTc5ODYy.GGVMbsMzzUYNAb3NhYDjY23nTReZgtW-g1ZUlpbJ59Ig.o1gdVAUFo5QaSbxjdNV4DHo_iiqbYdC694DzWl50pYEg.PNG.gktjdgns6042%2F%25C1%25A6%25B8%25F1_%25BE%25F8%25C0%25BD.png&type=sc960_832",
            "title":"이웃집또털어",
            "store":"플레이더 월드 강남",          
            "genre":["보물찾기" , "기타" , "전체"],
            "info": "우리는 가족도둑단 이웃집 또털어!\n 오늘도 생필품과 용돈을 마련하기 위해\n 딱 100만원 어치만 털고, 털고, 또 턴다!",
            "grade":"50","gradeCount":"122",
            "time":"100분",
            "area":"서울",
            "subArea":["강남", "전체"],
            "difficulty":"3"
        },    
        {
            "id":21,
            "img":"https://oasismuseum.com/img/theme/20230102011011_%EF%BB%BFMissing%20Socks%20Mystery.jpg",
            "title":"미싱삭스미스터리",
            "store":"오아시스 뮤지엄 홍대",          
            "genre":["?" , "전체" , "기타"],
            "info": "세탁기 속에 들어가 보자!\n일상에서 자꾸만 사라지는 양말 한 짝,\n나뿐만이 아니라 친구도,\n옆집 아줌마도 가끔 사라지는 양말\n한참 안 보이다가 잊을만할 때쯤 나오기도 하고\n어떤 양말은 양 쪽 모두 영영 안 보이기도 한다...\n대체 양말들은 어디로 사라지는 걸까?\n세탁기 속에 블랙홀이라도 있는 걸까?",
            "grade":"500",
            "gradeCount":"124",
            "time":"100분",
            "area":"서울",
            "subArea":["홍대", "전체"],
            "difficulty":"3"
        },
        {
            "id":22,
            "img":"https://oasismuseum.com/img/theme/20220227120758_Upside%20Down.jpg",
            "title":"업사이드다운",
            "store":"오아시스 뮤지엄 홍대",          
            "genre":["감성" , "전체"],
            "info": "날 방해하면 다 뒤집어 버릴 거야!\n전 세계 악당을 잡는 회사에 취업한 지 어느덧 3년째,\n오랜만에 도움을 청하는 신호가 잡혔다!\n금방 끊어졌지만 ‘다음엔 지구가 뒤집어질 차례’라고 분명 들렸는데...\n어라? 근데 지구 바깥에서 잡힌 신호라고? 뭔가 심상치 않다.\n어른들이 낯선 곳엔 함부로 가지 말랬는데!!\n직접 가서 눈으로 확인해 봐야겠어.\n죄송해요! 얼른 찢어버리고 올게요!!",
            "grade":"500","gradeCount":"127",
            "time":"100분",
            "area":"서울",
            "subArea":["홍대", "전체"],
            "difficulty":"3"
        },
        {
            "id":23,
            "img":"https://next-edition.s3.amazonaws.com/theme/title_image_url/%EC%84%B8%EB%A0%8C%EB%94%94%ED%94%BC%ED%8B%B0(SERENDIPITY)/theme__PNG%E1%84%91%E1%85%A1%E1%84%8B%E1%85%B5%E1%86%AF%E1%84%87%E1%85%A9%E1%86%AB_%EC%84%B8%EB%A0%8C%EB%94%94%ED%94%BC%ED%8B%B0(SERENDIPITY).jpg",
            "title":"세렌디피티",
            "store":"넥스트에디션 건대",          
           "genre":["판타지" , "전체"],
            "info": "나는 오늘,\n잃어버린 꿈을 찾기위해서 사직서를 내려합니다.",
            "grade":"500","gradeCount":"134",
            "time":"100분",
            "area":"서울",
            "subArea":["건대", "전체"],
            "difficulty":"4"
        },
        {
            "id":24,
            "img":"http://escapecity.kr/upload_file/room/again480(1).jpg",
            "title":"다시 만날 수 있을까?",
            "store":"이스케이프 시티",          
            "genre":["로맨스" , "전체"],
            "info": "세계최고의 과학자였던 스티브는 개발품을 완성하느라\n약혼자 몰리를 자주 만나지 못하였고 그사이 약혼자였던 몰리는 죽게 된다.\n 그녀가 옆집 개리에게 살해당했다고 확신을 하는데...",
            "grade":"500","gradeCount":"148",
            "time":"60분",
            "area":"서울",
            "subArea":["영등포", "전체"],
            "difficulty":"4"
        },
        {
            "id":25,
            "img":"http://escapecity.kr/upload_file/room/%EA%B8%B0%EC%96%B5%EC%9D%98%EC%A1%B0%EA%B0%81(1).jpg",
            "title":"기억의 조각",
            "store":"이스케이프 시티 영등포",          
            "genre":["공포" , "전체"],
            "info": "초등학교 때 큰 충격으로 기억을 잃어버린 나 강호철\n 30년전 사라진 친구들 그 속에서 살아남은 나는 성인이 되어 평범하게 살고 있었는데\n 어느날 나에게 온 정체불명의 편지한통을 받는다.\n 예전 친구들과의 추억이 떠오른다.\n 무엇인가 중요한 기억을 잃어버린 나 그 비밀을 밝히기 위해\n 이미 폐교된 학교를 찾는다...",
            "grade":"500","gradeCount":"132",
            "time":"60분",
            "area":"서울",
            "subArea":["영등포", "전체"],
            "difficulty":"3"
        },
        {
            "id":26,
            "img":"http://www.roomlescape.com/file/theme_info/1_2.jpg",
            "title":"악몽",
            "store":"룸엘이스케이프 신림",          
            "genre":["공포" , "전체"],
            "info": "꿈에는 항상 이상하게도 내가 다니던 모교가 나온다\n현실인지 꿈인지 하지만 거기까지다 그 이후로는 기억이 없다\n꿈을 꾸고 나서는 이상한 일들이 발생한다\n 그래서 나는 초자연적인 일들을 다루는 고스트 헌터 카페에 의뢰를 했다\n 나의 문제를 해결해달라고 그래서 나는 오늘 주술사와\n모교로 찾아간다",
            "grade":"500","gradeCount":"112",
            "time":"75분",
            "area":"서울",
            "subArea":["신림", "전체"],
            "difficulty":"5"
        },
        {
            "id":26,
            "img":"http://www.roomlescape.com/file/theme_info/1_1.jpg",
            "title":"메트로",
            "store":"룸엘이스케이프 신림",          
            "genre":["공포" , "전체"],
            "info": "아무런 행동을 취하지 않고 기다리고 있으면 죽은 자와 관련된 걸 볼 수 있다.\n잠이 들기 전, 눈을 뜨고 난 후, 밥을 먹을 때도 운전을 할 때도 항상 그날의 일이 생각 난다.\n 누가 도대체 그녀에게 그런 일을…\n혼자 조사하기 시작했다.\n하지만 별다른 성과를 거두지 못했고\n나는 하지 말아야 될 행동을 해버렸다.",
            "grade":"500","gradeCount":"142",
            "time":"75분",
            "area":"서울",
            "subArea":["신림", "전체"],
            "difficulty":"4"
        },
        {
            "id":27,
            "img":"http://www.murderparker.com/upload_file/room/%EC%A7%91%EC%9C%BC%EB%A1%9C%EA%B0%80%EC%9E%90%EC%95%BC%ED%98%B8.jpg",
            "title":"집으로가자 야호",
            "store":"머더파커 잠실",          
            "genre":["문제" , "전체"],
            "info": "오늘 집에 가야한다는데...아이참 어떡하지?",
            "grade":"500","gradeCount":"137",
            "time":"70분",
            "area":"서울",
            "subArea":["잠실", "전체"],
            "difficulty":"5"
        },
        {
            "id":28,
            "img":"http://www.murderparker.com/upload_file/room/%EC%A0%95%EC%9C%A1%EA%B0%81%ED%98%95(1).jpg",
            "title":"정육각형",
            "store":"머더파커 잠실",            
            "genre":["문제" , "전체"],
            "info": "니들은 언제나 그저 지켜 보기만 했지.",
            "grade":"500","gradeCount":"152",
            "time":"75분",
            "area":"서울",
            "subArea":["잠실", "전체"],
            "difficulty":"5"
        },
        {
            "id":29,
            "img":"http://ex-cape.com/data/quest/1657705796.jpg",
            "title":"드림포스트:다시 꿈꾸는 마을로...",
            "store":"익스케이프룸 인디고블루",            
           "genre":["감성" , "전체"],
            "info": "달이 뜨고 잠이 들면 사람들에게\n [달의 꿈] 택배를 전달하는\n 당신은 꿈 우체부 ‘루아’입니다.",
            "grade":"500","gradeCount":"112",
            "time":"100분",
            "area":"서울",
            "subArea":["신촌", "전체"],
            "difficulty":"4"
        },
        {
            "id":30,
            "img":"http://ex-cape.com/data/quest/1656894763.jpg",
            "title":"오즈 : 익시드 드림",
            "store":"익스케이프룸 올리브",            
            "genre":["판타지" , "전체"],
            "info": "뉴욕의 잘나가는 커리어우먼\n도로시 설리반. 축하연을 마치고\n캔자스힐타워 51층 집으로 돌아온다",
            "grade":"500","gradeCount":"129",
            "time":"75분",
            "area":"서울",
            "subArea":["신촌", "전체"],
            "difficulty":"4"
        },
        {
            "id":31,
            "img":"http://ex-cape.com/data/quest/1656868878.jpg",
            "title":"마카오 : 꼭두각시 광시곡",
            "store":"익스케이프룸 화이트",            
            "genre":["잠입" , "전체"],
            "info": "마카오에서 접선하기로 한\n정보원은 죽은 채로 발견되고\n당신은 그 살인용의자로 몰린다.\n음모의 진실을 밝혀야만 한다!",
            "grade":"500","gradeCount":"128",
            "time":"60분",
            "area":"서울",
            "subArea":["신촌", "전체"],
            "difficulty":"3"
        },
        {
            "id":32,
            "img":"http://ex-cape.com/data/quest/1656868916.jpg",
            "title":"대저택 레테 잠겨버린 출구",
            "store":"익스케이프룸 화이트",            
            "genre":["모험" , "전체"],
            "info": "낯선 방에서 깨어난 당신. 손에 들려있는 초대장.\n 손잡이를 돌려보지만 문은…… 잠겨있었다.",
            "grade":"500","gradeCount":"131",
            "time":"60분",
            "area":"서울",
            "subArea":["신촌", "전체"],
            "difficulty":"4"
        },
        {
            "id":33,
            "img":"https://zerolotteworld.com/storage/WEWRZ44nI3tKLy0O3Da4E3GyVLHxT6NKmPWyJ8mX.jpg",
            "title":"우리는 그저 바람이었소",
            "store":"제로월드 롯데월드",            
            "genre":["감성" , "전체"],
            "info": ".어디서도 들을 수 없는,\n최고의 이야기를 들려 드리겠습니다.",
            "grade":"500","gradeCount":"121",
            "time":"75분",
            "area":"서울",
            "subArea":["잠실", "전체"],
            "difficulty":"2"
        },
        {
            "id":34,
            "img":"https://mblogthumb-phinf.pstatic.net/MjAyMTExMjFfNzUg/MDAxNjM3NDIxMjM5NzEy.fCcjH3UI3YuJne0qVHW_7wxpTDnsYoJDUFXG2VzzV0Mg.Uwiyu2RwefhsyRpxPONX_3VmSrYn-0H2xyqZSZ1uQ4wg.JPEG.hanazawaru2/SE-919c8f77-ea89-45ac-bf47-018b34b8d61d.jpg?type=w800",
            "title":"아랑",
            "store":"제로월드 롯데월드",            
            "genre":["공포" , "전체"],
            "info": "1595년 조선.\n탐관오리 종찬은 한 기생으로부터 흥미로운 소식을 듣게 된다.\n사또 나으리. 2년 전 역병으로 멸망한 대청고을.\n그 곳 한상협 대감댁에는 굉장히 많은 장물들이 남아있다고 하옵니다.",
            "grade":"500","gradeCount":"138",
            "time":"70분",
            "area":"서울",
            "subArea":["잠실", "전체"],
            "difficulty":"2"
        },
        {
            "id":35,
            "img":"http://sowoojoo-escape.com/file/theme/9_a.jpg",
            "title":"FULL MOON",
            "store":"소우주",            
            "genre":["판타지" , "전체"],
            "info": "오늘, 달이 참 노랗다.",       
            "grade":"500","gradeCount":"130",
            "time":"75분",
            "area":"경기",
            "subArea":["수원", "전체"],
            "difficulty":"3"
        },
        {
            "id":36,
            "img":"http://황금열쇠.com/file/theme/4_a.jpg?1695635776",
            "title":"NOMON : THE ORDEAL",
            "store":"황금열쇠 강남",
            "genre":["판타지" , "전체"],
            "info": "저희 가게는 약속된 손님만 받습니다.\n약속된 시간이 되면, 문을 두드려주시죠.",
            "grade":"500","gradeCount":"131",
            "time":"75분",
            "area":"서울",
            "subArea":["강남", "전체"],
            "difficulty":"3"
        },
        {
            "id":37,
            "img":"http://fantastrick.co.kr/wp-content/uploads/2018/10/poster-557x400.jpg",
            "title":"태초의신부:이브프로젝트",
            "store":"판타스트릭",
            "genre":["잠입" , "전체"],
            "info": "암흑가 최고의 마에스트로라고 불리는 범죄 기획자 <스네이크>\n그가 <아담>이 보호 관리하는 <태초의 신부>를 노리고\n프로젝트팀 <이브>를 만든다는 정보가 퍼지고 있다.\n이런 빅 이벤트에 빠질 수는 없지 않겠어?",
            "grade":"500","gradeCount":"131",
            "time":"90분",
            "area":"서울",
            "subArea":["강남", "전체"],
            "difficulty":"4"
        },
        {
            "id":38,
            "img":"https://www.xphobia.net/data/item/illustration_%EB%A7%88%EC%9D%8C%EC%9D%84%20%EA%B7%B8%EB%A0%A4%EB%93%9C%EB%A6%BD%EB%8B%88%EB%8B%A4.jpg",
            "title":"마음을 그려드립니다",
            "store":"비트포비아 강남",
            "genre":["감성" , "전체"],
            "info": "모든 감정에는 고유의 색이 있다는 것을 아시나요?\n 지치는 일상 속에서 점점 바래져가는 마음들.\n 그리고 그 마음을 어루만져 주고자 한 사람.\n 감정의 색을 모아 당신의 '마음을 그려드립니다'.",
            "grade":"500","gradeCount":"129",
            "time":"70분",
            "area":"서울",
            "subArea":["강남", "전체"],
            "difficulty":"3"
        },
        {
            "id":38,
            "img":"http://blue.doorescape.co.kr/upload/theme/theme04711_3.png",
            "title":"TRUTH",
            "store":"도어이스케이프 블루",
            "genre":["감성" , "전체"],
            "info": "사라져버린 나의 기억을 찾습니다.\n진실을 마주할 준비가 되었습니까?",
            "grade":"500","gradeCount":"121",
            "time":"80분",
            "area":"서울",
            "subArea":["강남", "전체"],
            "difficulty":"2"
        },
        {
            "id":39,
            "img":"https://www.xphobia.net/data/item/illustration_%EB%A1%9C%EC%8A%A4%ED%8A%B8%ED%82%B9%EB%8D%A4.jpg",
            "title":"LOST KINGDOM : 잊혀진 전설",
            "store":"비트포비아 강남",
            "genre":["모험" , "전체"],
            "info": "누가 이런 편지를 보낸 거지?\n’아틀란티스는 여기에 묻혀있다.’\n 아틀란티스는 없어.\n몇 년간 연구했지만 실마리도 못 찾았는데..\n아틀란티스는 여기에 묻혀있다... 아틀란티스는…\n그래, 마지막으로 한 번만 더 믿어보자.",
            "grade":"500","gradeCount":"127",
            "time":"75분",
            "area":"서울",
            "subArea":["강남", "전체"],
            "difficulty":"3"
        },
        {
            "id":40,
            "img":"http://red.doorescape.co.kr/upload/theme/theme73755_2.jpg",
            "title":"유전",
            "store":"도어이스케이프 블루",
            "genre":["감성" , "전체"],
            "info": "당신은 어떤 방탈출을 하셨습니까?",
            "grade":"500","gradeCount":"126",
            "time":"75분",
            "area":"서울",
            "subArea":["강남", "전체"],
            "difficulty":"5"
        },
        {
            "id":41,
            "img":"http://www.secretgardenescape.com/pimages/Product/Pr_1677730631.png",
            "title":"후레쉬 망고 호스텔",
            "store":"비밀의화원 리버타운 강남",
            "genre":["?" , "기타" , "전체"],
            "info": "#여행 #방콕 #방에서콕아니고태국방콕\n싸와디카~ 작지만 아늑한 후레쉬망고 호스텔입니다.",
            "grade":"500","gradeCount":"134",
            "time":"75분",
            "area":"서울",
            "subArea":["강남", "전체"],
            "difficulty":"3"
        },
        {
            "id":42,
            "img":"https://www.master-key.co.kr/upload/room/192_img1.gif",
            "title":"SCENE",
            "store":"마스터키 신촌 퍼블릭",
            "genre":["공포","전체"],
            "info": "주찬대학교 영화동아리 [DIRECTORS] 동아리가\n 곧 폐쇄에 이르기까지 아무런 활동이 없었으나\n 실종된 선배들의 영상을 보게 된 우리는...",
            "grade":"500","gradeCount":"134",
            "time":"75분",
            "area":"서울",
            "subArea":["신촌", "전체"],
            "difficulty":"3"
        },
        {
            "id":43,
            "img":"https://www.master-key.co.kr/upload/room/162_img1.jpg",
            "title":"와트와 숨겨진 시간",
            "store":"마스터키 건대1호",
            "genre":["모험","전체"],
            "info": "숨겨진 시간이 눈앞에 펼쳐진다!",
            "grade":"500","gradeCount":"134",
            "time":"70분",
            "area":"서울",
            "subArea":["건대", "전체"],
            "difficulty":"2"
        },
        {
            "id":44,
            "img":"https://www.master-key.co.kr/upload/room/176_img1.jpg",
            "title":"덫:13번째 그림자",
            "store":"마스터키 건대1호",
            "genre":["공포","전체"],
            "info": "주술사 집에서 나고 자란 나는 태생이 게으르고\n 욕심이 많아사기를 쳐서 남의 돈이나 등쳐먹으며\n 살아가고 있었다. 그러던 어느 날 처음 듣는 구석진 마을에서\n 퇴마사를 구한다고 소문이 나돌았다.\n살펴봐 주기만 한다면 금화 500냥을 거저 준다고..?\n 이번 한 번만 눈 딱 감고 가볼까..?",
            "grade":"500","gradeCount":"134",
            "time":"70분",
            "area":"서울",
            "subArea":["건대", "전체"],
            "difficulty":"3"
        },
        {
            "id":45,
            "img":"https://point-nine.com/file/theme/19_a.jpg",
            "title":"HOMECOMING ",
            "store":"포인트나인 건대",
            "genre":["잠입","전체"],
            "info": "햇볕을 보지 못한 지 3년이 흘렀다.\n돌아온 나의 고향은 예전과는 많이 달라져 있었다.\n마을에 정착한 시간이 길어질수록\n나의 다짐은 흐려졌고\n아저씨가 남긴 목걸이의 의미를 찾는 걸 포기할 때쯤,\n꿈에서 한 장면이 재생되었다.",
            "grade":"500","gradeCount":"134",
            "time":"70분",
            "area":"서울",
            "subArea":["건대", "전체"],
            "difficulty":"4"
        }


    ]
}